Date,Station,Rentals,Rentals Original,Returns,Returns Original,Rental predictions,Return predictions
2023-08-19 00:00:00,E 16 St & Irving Pl,2,2,0,0,,
2023-08-19 00:10:00,E 16 St & Irving Pl,0,0,0,0,,
2023-08-19 00:20:00,E 16 St & Irving Pl,1,1,0,0,,
2023-08-19 00:30:00,E 16 St & Irving Pl,0,2,0,3,,
2023-08-19 00:40:00,E 16 St & Irving Pl,1,1,0,2,,
2023-08-19 00:50:00,E 16 St & Irving Pl,0,0,0,0,,
2023-08-19 01:00:00,E 16 St & Irving Pl,0,0,0,0,,
2023-08-19 01:10:00,E 16 St & Irving Pl,0,0,0,0,,
2023-08-19 01:20:00,E 16 St & Irving Pl,0,0,0,0,,
2023-08-19 01:30:00,E 16 St & Irving Pl,0,0,0,0,,
2023-08-19 01:40:00,E 16 St & Irving Pl,0,0,0,0,,
2023-08-19 01:50:00,E 16 St & Irving Pl,0,0,0,0,,
2023-08-19 02:00:00,E 16 St & Irving Pl,0,0,0,0,,
2023-08-19 02:10:00,E 16 St & Irving Pl,0,0,0,0,,
2023-08-19 02:20:00,E 16 St & Irving Pl,1,1,0,0,,
2023-08-19 02:30:00,E 16 St & Irving Pl,0,0,0,0,,
2023-08-19 02:40:00,E 16 St & Irving Pl,0,0,0,0,,
2023-08-19 02:50:00,E 16 St & Irving Pl,0,0,0,0,,
2023-08-19 03:00:00,E 16 St & Irving Pl,0,1,0,0,,
2023-08-19 03:10:00,E 16 St & Irving Pl,0,0,0,0,,
2023-08-19 03:20:00,E 16 St & Irving Pl,0,0,0,0,,
2023-08-19 03:30:00,E 16 St & Irving Pl,0,0,0,0,,
2023-08-19 03:40:00,E 16 St & Irving Pl,0,0,0,0,,
2023-08-19 03:50:00,E 16 St & Irving Pl,0,1,0,0,,
2023-08-19 04:00:00,E 16 St & Irving Pl,0,0,0,0,,
2023-08-19 04:10:00,E 16 St & Irving Pl,0,0,0,0,,
2023-08-19 04:20:00,E 16 St & Irving Pl,0,0,0,0,,
2023-08-19 04:30:00,E 16 St & Irving Pl,0,0,0,0,,
2023-08-19 04:40:00,E 16 St & Irving Pl,0,0,0,0,,
2023-08-19 04:50:00,E 16 St & Irving Pl,0,1,0,0,,
2023-08-19 05:00:00,E 16 St & Irving Pl,0,1,0,0,,
2023-08-19 05:10:00,E 16 St & Irving Pl,0,0,0,0,,
2023-08-19 05:20:00,E 16 St & Irving Pl,0,0,0,0,,
2023-08-19 05:30:00,E 16 St & Irving Pl,0,0,0,0,,
2023-08-19 05:40:00,E 16 St & Irving Pl,0,0,0,0,,
2023-08-19 05:50:00,E 16 St & Irving Pl,0,0,0,0,,
2023-08-19 06:00:00,E 16 St & Irving Pl,0,0,0,0,,
2023-08-19 06:10:00,E 16 St & Irving Pl,0,0,0,0,,
2023-08-19 06:20:00,E 16 St & Irving Pl,0,0,0,0,,
2023-08-19 06:30:00,E 16 St & Irving Pl,1,1,0,0,,
2023-08-19 06:40:00,E 16 St & Irving Pl,0,0,0,0,,
2023-08-19 06:50:00,E 16 St & Irving Pl,1,1,0,0,,
2023-08-19 07:00:00,E 16 St & Irving Pl,0,0,0,0,,
2023-08-19 07:10:00,E 16 St & Irving Pl,1,1,0,0,,
2023-08-19 07:20:00,E 16 St & Irving Pl,2,2,2,2,,
2023-08-19 07:30:00,E 16 St & Irving Pl,0,0,2,2,,
2023-08-19 07:40:00,E 16 St & Irving Pl,0,0,1,1,,
2023-08-19 07:50:00,E 16 St & Irving Pl,0,0,0,0,,
2023-08-19 08:00:00,E 16 St & Irving Pl,1,0,0,0,,
2023-08-19 08:10:00,E 16 St & Irving Pl,2,0,1,1,,
2023-08-19 08:20:00,E 16 St & Irving Pl,1,0,3,3,,
2023-08-19 08:30:00,E 16 St & Irving Pl,2,0,0,0,,
2023-08-19 08:40:00,E 16 St & Irving Pl,2,3,3,3,,
2023-08-19 08:50:00,E 16 St & Irving Pl,2,0,3,0,,
2023-08-19 09:00:00,E 16 St & Irving Pl,1,4,3,3,,
2023-08-19 09:10:00,E 16 St & Irving Pl,1,2,1,1,,
2023-08-19 09:20:00,E 16 St & Irving Pl,1,0,0,0,,
2023-08-19 09:30:00,E 16 St & Irving Pl,1,3,1,1,,
2023-08-19 09:40:00,E 16 St & Irving Pl,1,6,4,4,,
2023-08-19 09:50:00,E 16 St & Irving Pl,2,4,2,6,,
2023-08-19 10:00:00,E 16 St & Irving Pl,1,1,3,3,,
2023-08-19 10:10:00,E 16 St & Irving Pl,1,1,4,4,,
2023-08-19 10:20:00,E 16 St & Irving Pl,1,1,1,1,,
2023-08-19 10:30:00,E 16 St & Irving Pl,1,1,5,5,,
2023-08-19 10:40:00,E 16 St & Irving Pl,2,2,2,6,,
2023-08-19 10:50:00,E 16 St & Irving Pl,1,1,3,3,,
2023-08-19 11:00:00,E 16 St & Irving Pl,1,1,2,2,,
2023-08-19 11:10:00,E 16 St & Irving Pl,1,1,1,1,,
2023-08-19 11:20:00,E 16 St & Irving Pl,1,1,2,2,,
2023-08-19 11:30:00,E 16 St & Irving Pl,1,1,2,2,,
2023-08-19 11:40:00,E 16 St & Irving Pl,1,1,1,1,,
2023-08-19 11:50:00,E 16 St & Irving Pl,1,1,2,2,,
2023-08-19 12:00:00,E 16 St & Irving Pl,1,1,2,2,,
2023-08-19 12:10:00,E 16 St & Irving Pl,1,1,1,1,,
2023-08-19 12:20:00,E 16 St & Irving Pl,1,1,2,2,,
2023-08-19 12:30:00,E 16 St & Irving Pl,1,1,2,2,,
2023-08-19 12:40:00,E 16 St & Irving Pl,1,1,1,1,,
2023-08-19 12:50:00,E 16 St & Irving Pl,1,1,2,2,,
2023-08-19 13:00:00,E 16 St & Irving Pl,1,1,2,2,,
2023-08-19 13:10:00,E 16 St & Irving Pl,2,2,2,2,,
2023-08-19 13:20:00,E 16 St & Irving Pl,1,1,1,1,,
2023-08-19 13:30:00,E 16 St & Irving Pl,1,1,1,1,,
2023-08-19 13:40:00,E 16 St & Irving Pl,1,1,1,1,,
2023-08-19 13:50:00,E 16 St & Irving Pl,2,2,1,1,,
2023-08-19 14:00:00,E 16 St & Irving Pl,2,2,3,3,,
2023-08-19 14:10:00,E 16 St & Irving Pl,1,1,0,0,,
2023-08-19 14:20:00,E 16 St & Irving Pl,1,4,2,2,,
2023-08-19 14:30:00,E 16 St & Irving Pl,1,4,1,1,,
2023-08-19 14:40:00,E 16 St & Irving Pl,2,2,1,1,,
2023-08-19 14:50:00,E 16 St & Irving Pl,1,5,0,0,,
2023-08-19 15:00:00,E 16 St & Irving Pl,2,2,1,1,,
2023-08-19 15:10:00,E 16 St & Irving Pl,0,0,1,1,,
2023-08-19 15:20:00,E 16 St & Irving Pl,2,2,1,1,,
2023-08-19 15:30:00,E 16 St & Irving Pl,2,2,1,1,,
2023-08-19 15:40:00,E 16 St & Irving Pl,2,5,1,1,,
2023-08-19 15:50:00,E 16 St & Irving Pl,4,4,3,3,,
2023-08-19 16:00:00,E 16 St & Irving Pl,2,2,3,3,,
2023-08-19 16:10:00,E 16 St & Irving Pl,1,1,2,2,,
2023-08-19 16:20:00,E 16 St & Irving Pl,2,2,2,2,,
2023-08-19 16:30:00,E 16 St & Irving Pl,5,5,1,1,,
2023-08-19 16:40:00,E 16 St & Irving Pl,1,1,1,1,,
2023-08-19 16:50:00,E 16 St & Irving Pl,1,1,0,0,,
2023-08-19 17:00:00,E 16 St & Irving Pl,2,2,2,2,,
2023-08-19 17:10:00,E 16 St & Irving Pl,2,2,4,4,,
2023-08-19 17:20:00,E 16 St & Irving Pl,2,2,2,2,,
2023-08-19 17:30:00,E 16 St & Irving Pl,2,2,1,1,,
2023-08-19 17:40:00,E 16 St & Irving Pl,2,2,1,1,,
2023-08-19 17:50:00,E 16 St & Irving Pl,3,3,3,3,,
2023-08-19 18:00:00,E 16 St & Irving Pl,3,3,1,1,,
2023-08-19 18:10:00,E 16 St & Irving Pl,2,2,5,5,,
2023-08-19 18:20:00,E 16 St & Irving Pl,5,5,1,1,,
2023-08-19 18:30:00,E 16 St & Irving Pl,0,0,3,0,,
2023-08-19 18:40:00,E 16 St & Irving Pl,1,1,3,3,,
2023-08-19 18:50:00,E 16 St & Irving Pl,2,2,0,0,,
2023-08-19 19:00:00,E 16 St & Irving Pl,1,1,4,4,,
2023-08-19 19:10:00,E 16 St & Irving Pl,2,2,1,1,,
2023-08-19 19:20:00,E 16 St & Irving Pl,2,2,1,1,,
2023-08-19 19:30:00,E 16 St & Irving Pl,1,1,2,2,,
2023-08-19 19:40:00,E 16 St & Irving Pl,3,3,2,2,,
2023-08-19 19:50:00,E 16 St & Irving Pl,2,2,0,0,,
2023-08-19 20:00:00,E 16 St & Irving Pl,2,2,0,0,,
2023-08-19 20:10:00,E 16 St & Irving Pl,2,2,3,3,,
2023-08-19 20:20:00,E 16 St & Irving Pl,0,0,1,1,,
2023-08-19 20:30:00,E 16 St & Irving Pl,0,0,0,0,,
2023-08-19 20:40:00,E 16 St & Irving Pl,1,1,1,1,,
2023-08-19 20:50:00,E 16 St & Irving Pl,0,0,1,1,,
2023-08-19 21:00:00,E 16 St & Irving Pl,0,0,2,2,,
2023-08-19 21:10:00,E 16 St & Irving Pl,0,0,1,1,,
2023-08-19 21:20:00,E 16 St & Irving Pl,1,1,1,1,,
2023-08-19 21:30:00,E 16 St & Irving Pl,3,3,0,0,,
2023-08-19 21:40:00,E 16 St & Irving Pl,0,0,0,0,,
2023-08-19 21:50:00,E 16 St & Irving Pl,4,4,0,0,,
2023-08-19 22:00:00,E 16 St & Irving Pl,0,0,1,1,,
2023-08-19 22:10:00,E 16 St & Irving Pl,0,0,1,1,,
2023-08-19 22:20:00,E 16 St & Irving Pl,0,0,0,0,,
2023-08-19 22:30:00,E 16 St & Irving Pl,0,0,1,1,,
2023-08-19 22:40:00,E 16 St & Irving Pl,0,0,0,0,,
2023-08-19 22:50:00,E 16 St & Irving Pl,2,2,0,0,,
2023-08-19 23:00:00,E 16 St & Irving Pl,0,0,0,0,,
2023-08-19 23:10:00,E 16 St & Irving Pl,0,0,0,0,,
2023-08-19 23:20:00,E 16 St & Irving Pl,0,0,1,1,,
2023-08-19 23:30:00,E 16 St & Irving Pl,1,1,0,0,,
2023-08-19 23:40:00,E 16 St & Irving Pl,0,0,0,0,,
2023-08-19 23:50:00,E 16 St & Irving Pl,2,2,0,0,,
2023-08-20 00:00:00,E 16 St & Irving Pl,0,0,0,0,,
2023-08-20 00:10:00,E 16 St & Irving Pl,1,1,1,1,,
2023-08-20 00:20:00,E 16 St & Irving Pl,1,1,0,0,,
2023-08-20 00:30:00,E 16 St & Irving Pl,0,0,0,0,,
2023-08-20 00:40:00,E 16 St & Irving Pl,1,1,0,0,,
2023-08-20 00:50:00,E 16 St & Irving Pl,0,0,0,0,,
2023-08-20 01:00:00,E 16 St & Irving Pl,0,0,0,0,,
2023-08-20 01:10:00,E 16 St & Irving Pl,0,0,0,0,,
2023-08-20 01:20:00,E 16 St & Irving Pl,0,0,0,0,,
2023-08-20 01:30:00,E 16 St & Irving Pl,0,0,1,1,,
2023-08-20 01:40:00,E 16 St & Irving Pl,0,0,0,0,,
2023-08-20 01:50:00,E 16 St & Irving Pl,0,0,0,0,,
2023-08-20 02:00:00,E 16 St & Irving Pl,0,0,0,0,,
2023-08-20 02:10:00,E 16 St & Irving Pl,0,0,0,0,,
2023-08-20 02:20:00,E 16 St & Irving Pl,0,0,0,0,,
2023-08-20 02:30:00,E 16 St & Irving Pl,0,1,0,0,,
2023-08-20 02:40:00,E 16 St & Irving Pl,0,0,0,0,,
2023-08-20 02:50:00,E 16 St & Irving Pl,0,0,0,0,,
2023-08-20 03:00:00,E 16 St & Irving Pl,0,0,0,0,,
2023-08-20 03:10:00,E 16 St & Irving Pl,0,0,0,0,,
2023-08-20 03:20:00,E 16 St & Irving Pl,0,0,0,0,,
2023-08-20 03:30:00,E 16 St & Irving Pl,0,2,0,0,,
2023-08-20 03:40:00,E 16 St & Irving Pl,0,0,0,0,,
2023-08-20 03:50:00,E 16 St & Irving Pl,0,0,0,0,,
2023-08-20 04:00:00,E 16 St & Irving Pl,0,0,0,1,,
2023-08-20 04:10:00,E 16 St & Irving Pl,0,0,0,0,,
2023-08-20 04:20:00,E 16 St & Irving Pl,0,0,0,0,,
2023-08-20 04:30:00,E 16 St & Irving Pl,0,0,0,0,,
2023-08-20 04:40:00,E 16 St & Irving Pl,0,0,0,0,,
2023-08-20 04:50:00,E 16 St & Irving Pl,0,0,0,0,,
2023-08-20 05:00:00,E 16 St & Irving Pl,0,0,0,0,,
2023-08-20 05:10:00,E 16 St & Irving Pl,0,0,0,0,,
2023-08-20 05:20:00,E 16 St & Irving Pl,0,0,0,0,,
2023-08-20 05:30:00,E 16 St & Irving Pl,0,0,0,0,,
2023-08-20 05:40:00,E 16 St & Irving Pl,0,0,0,0,,
2023-08-20 05:50:00,E 16 St & Irving Pl,0,0,0,0,,
2023-08-20 06:00:00,E 16 St & Irving Pl,0,0,0,0,,
2023-08-20 06:10:00,E 16 St & Irving Pl,0,0,1,1,,
2023-08-20 06:20:00,E 16 St & Irving Pl,0,0,0,0,,
2023-08-20 06:30:00,E 16 St & Irving Pl,0,0,0,0,,
2023-08-20 06:40:00,E 16 St & Irving Pl,0,0,0,0,,
2023-08-20 06:50:00,E 16 St & Irving Pl,1,1,0,0,,
2023-08-20 07:00:00,E 16 St & Irving Pl,1,1,0,0,,
2023-08-20 07:10:00,E 16 St & Irving Pl,0,0,0,0,,
2023-08-20 07:20:00,E 16 St & Irving Pl,1,1,1,1,,
2023-08-20 07:30:00,E 16 St & Irving Pl,1,1,1,1,,
2023-08-20 07:40:00,E 16 St & Irving Pl,1,1,2,2,,
2023-08-20 07:50:00,E 16 St & Irving Pl,1,1,1,1,,
2023-08-20 08:00:00,E 16 St & Irving Pl,1,0,1,0,,
2023-08-20 08:10:00,E 16 St & Irving Pl,2,2,1,1,,
2023-08-20 08:20:00,E 16 St & Irving Pl,1,1,2,0,,
2023-08-20 08:30:00,E 16 St & Irving Pl,2,0,2,0,,
2023-08-20 08:40:00,E 16 St & Irving Pl,2,0,2,0,,
2023-08-20 08:50:00,E 16 St & Irving Pl,2,0,3,1,,
2023-08-20 09:00:00,E 16 St & Irving Pl,1,1,3,3,,
2023-08-20 09:10:00,E 16 St & Irving Pl,0,0,2,2,,
2023-08-20 09:20:00,E 16 St & Irving Pl,0,0,3,3,,
2023-08-20 09:30:00,E 16 St & Irving Pl,2,2,3,3,,
2023-08-20 09:40:00,E 16 St & Irving Pl,1,1,3,3,,
2023-08-20 09:50:00,E 16 St & Irving Pl,0,0,2,2,,
2023-08-20 10:00:00,E 16 St & Irving Pl,1,1,2,2,,
2023-08-20 10:10:00,E 16 St & Irving Pl,0,0,2,2,,
2023-08-20 10:20:00,E 16 St & Irving Pl,2,2,2,2,,
2023-08-20 10:30:00,E 16 St & Irving Pl,1,1,2,2,,
2023-08-20 10:40:00,E 16 St & Irving Pl,1,1,2,2,,
2023-08-20 10:50:00,E 16 St & Irving Pl,1,1,2,2,,
2023-08-20 11:00:00,E 16 St & Irving Pl,1,1,2,2,,
2023-08-20 11:10:00,E 16 St & Irving Pl,2,2,2,2,,
2023-08-20 11:20:00,E 16 St & Irving Pl,2,2,2,2,,
2023-08-20 11:30:00,E 16 St & Irving Pl,1,1,2,2,,
2023-08-20 11:40:00,E 16 St & Irving Pl,2,2,2,2,,
2023-08-20 11:50:00,E 16 St & Irving Pl,0,0,3,3,,
2023-08-20 12:00:00,E 16 St & Irving Pl,0,0,2,2,,
2023-08-20 12:10:00,E 16 St & Irving Pl,3,3,2,2,,
2023-08-20 12:20:00,E 16 St & Irving Pl,0,0,2,2,,
2023-08-20 12:30:00,E 16 St & Irving Pl,0,0,2,2,,
2023-08-20 12:40:00,E 16 St & Irving Pl,2,2,2,2,,
2023-08-20 12:50:00,E 16 St & Irving Pl,0,0,2,2,,
2023-08-20 13:00:00,E 16 St & Irving Pl,1,1,2,2,,
2023-08-20 13:10:00,E 16 St & Irving Pl,2,2,2,2,,
2023-08-20 13:20:00,E 16 St & Irving Pl,1,1,1,1,,
2023-08-20 13:30:00,E 16 St & Irving Pl,1,1,1,1,,
2023-08-20 13:40:00,E 16 St & Irving Pl,1,1,1,1,,
2023-08-20 13:50:00,E 16 St & Irving Pl,2,2,1,1,,
2023-08-20 14:00:00,E 16 St & Irving Pl,2,6,0,0,,
2023-08-20 14:10:00,E 16 St & Irving Pl,2,2,0,0,,
2023-08-20 14:20:00,E 16 St & Irving Pl,0,0,1,6,,
2023-08-20 14:30:00,E 16 St & Irving Pl,1,1,3,3,,
2023-08-20 14:40:00,E 16 St & Irving Pl,2,2,2,2,,
2023-08-20 14:50:00,E 16 St & Irving Pl,0,0,1,1,,
2023-08-20 15:00:00,E 16 St & Irving Pl,1,1,0,0,,
2023-08-20 15:10:00,E 16 St & Irving Pl,0,0,1,1,,
2023-08-20 15:20:00,E 16 St & Irving Pl,2,2,2,2,,
2023-08-20 15:30:00,E 16 St & Irving Pl,1,1,1,1,,
2023-08-20 15:40:00,E 16 St & Irving Pl,2,2,1,1,,
2023-08-20 15:50:00,E 16 St & Irving Pl,2,2,3,3,,
2023-08-20 16:00:00,E 16 St & Irving Pl,2,2,1,1,,
2023-08-20 16:10:00,E 16 St & Irving Pl,5,5,1,1,,
2023-08-20 16:20:00,E 16 St & Irving Pl,0,0,3,3,,
2023-08-20 16:30:00,E 16 St & Irving Pl,2,2,0,0,,
2023-08-20 16:40:00,E 16 St & Irving Pl,2,2,2,5,,
2023-08-20 16:50:00,E 16 St & Irving Pl,1,1,2,2,,
2023-08-20 17:00:00,E 16 St & Irving Pl,1,1,1,1,,
2023-08-20 17:10:00,E 16 St & Irving Pl,3,0,3,3,,
2023-08-20 17:20:00,E 16 St & Irving Pl,5,5,1,1,,
2023-08-20 17:30:00,E 16 St & Irving Pl,1,1,2,2,,
2023-08-20 17:40:00,E 16 St & Irving Pl,2,2,1,1,,
2023-08-20 17:50:00,E 16 St & Irving Pl,2,2,1,1,,
2023-08-20 18:00:00,E 16 St & Irving Pl,2,0,1,1,,
2023-08-20 18:10:00,E 16 St & Irving Pl,4,0,5,5,,
2023-08-20 18:20:00,E 16 St & Irving Pl,5,5,2,2,,
2023-08-20 18:30:00,E 16 St & Irving Pl,0,0,1,1,,
2023-08-20 18:40:00,E 16 St & Irving Pl,1,1,2,2,,
2023-08-20 18:50:00,E 16 St & Irving Pl,2,2,0,0,,
2023-08-20 19:00:00,E 16 St & Irving Pl,1,1,2,2,,
2023-08-20 19:10:00,E 16 St & Irving Pl,2,2,1,1,,
2023-08-20 19:20:00,E 16 St & Irving Pl,0,0,3,3,,
2023-08-20 19:30:00,E 16 St & Irving Pl,1,1,1,1,,
2023-08-20 19:40:00,E 16 St & Irving Pl,2,2,0,0,,
2023-08-20 19:50:00,E 16 St & Irving Pl,1,1,2,2,,
2023-08-20 20:00:00,E 16 St & Irving Pl,1,1,1,1,,
2023-08-20 20:10:00,E 16 St & Irving Pl,1,0,2,2,,
2023-08-20 20:20:00,E 16 St & Irving Pl,1,2,1,1,,
2023-08-20 20:30:00,E 16 St & Irving Pl,2,0,1,1,,
2023-08-20 20:40:00,E 16 St & Irving Pl,1,0,1,1,,
2023-08-20 20:50:00,E 16 St & Irving Pl,1,0,1,1,,
2023-08-20 21:00:00,E 16 St & Irving Pl,0,0,1,1,,
2023-08-20 21:10:00,E 16 St & Irving Pl,2,2,0,0,,
2023-08-20 21:20:00,E 16 St & Irving Pl,2,2,2,2,,
2023-08-20 21:30:00,E 16 St & Irving Pl,1,1,0,0,,
2023-08-20 21:40:00,E 16 St & Irving Pl,1,1,1,1,,
2023-08-20 21:50:00,E 16 St & Irving Pl,0,0,3,3,,
2023-08-20 22:00:00,E 16 St & Irving Pl,3,3,1,1,,
2023-08-20 22:10:00,E 16 St & Irving Pl,1,1,1,1,,
2023-08-20 22:20:00,E 16 St & Irving Pl,0,0,0,0,,
2023-08-20 22:30:00,E 16 St & Irving Pl,0,0,0,0,,
2023-08-20 22:40:00,E 16 St & Irving Pl,2,2,1,1,,
2023-08-20 22:50:00,E 16 St & Irving Pl,0,0,1,1,,
2023-08-20 23:00:00,E 16 St & Irving Pl,1,1,0,0,,
2023-08-20 23:10:00,E 16 St & Irving Pl,0,0,0,0,,
2023-08-20 23:20:00,E 16 St & Irving Pl,0,0,0,0,,
2023-08-20 23:30:00,E 16 St & Irving Pl,0,0,0,0,,
2023-08-20 23:40:00,E 16 St & Irving Pl,0,0,0,0,,
2023-08-20 23:50:00,E 16 St & Irving Pl,0,0,0,0,,
2023-08-21 00:00:00,E 16 St & Irving Pl,0,0,0,0,,
2023-08-21 00:10:00,E 16 St & Irving Pl,0,2,0,3,,
2023-08-21 00:20:00,E 16 St & Irving Pl,0,0,1,1,,
2023-08-21 00:30:00,E 16 St & Irving Pl,0,0,0,0,,
2023-08-21 00:40:00,E 16 St & Irving Pl,1,1,0,0,,
2023-08-21 00:50:00,E 16 St & Irving Pl,0,0,0,0,,
2023-08-21 01:00:00,E 16 St & Irving Pl,0,0,0,0,,
2023-08-21 01:10:00,E 16 St & Irving Pl,0,0,0,0,,
2023-08-21 01:20:00,E 16 St & Irving Pl,0,0,0,0,,
2023-08-21 01:30:00,E 16 St & Irving Pl,0,0,0,0,,
2023-08-21 01:40:00,E 16 St & Irving Pl,0,0,0,0,,
2023-08-21 01:50:00,E 16 St & Irving Pl,0,0,0,0,0.24,0.0
2023-08-21 02:00:00,E 16 St & Irving Pl,0,0,0,0,0.23,0.0
2023-08-21 02:10:00,E 16 St & Irving Pl,0,0,0,0,0.22,0.0
2023-08-21 02:20:00,E 16 St & Irving Pl,0,0,0,0,0.22,0.0
2023-08-21 02:30:00,E 16 St & Irving Pl,0,0,0,0,0.22,0.0
2023-08-21 02:40:00,E 16 St & Irving Pl,0,0,0,0,0.22,0.0
2023-08-21 02:50:00,E 16 St & Irving Pl,0,0,0,0,0.22,0.0
2023-08-21 03:00:00,E 16 St & Irving Pl,0,0,0,0,0.21,0.0
2023-08-21 03:10:00,E 16 St & Irving Pl,0,0,0,0,0.21,0.0
2023-08-21 03:20:00,E 16 St & Irving Pl,0,0,0,0,0.21,0.0
2023-08-21 03:30:00,E 16 St & Irving Pl,0,0,0,0,0.21,0.0
2023-08-21 03:40:00,E 16 St & Irving Pl,0,0,0,0,0.21,0.0
2023-08-21 03:50:00,E 16 St & Irving Pl,0,0,0,0,0.21,0.0
2023-08-21 04:00:00,E 16 St & Irving Pl,0,0,0,0,0.21,0.0
2023-08-21 04:10:00,E 16 St & Irving Pl,0,0,0,0,0.21,0.0
2023-08-21 04:20:00,E 16 St & Irving Pl,0,0,0,0,0.21,0.0
2023-08-21 04:30:00,E 16 St & Irving Pl,0,0,0,0,0.21,0.0
2023-08-21 04:40:00,E 16 St & Irving Pl,0,0,0,0,0.21,0.0
2023-08-21 04:50:00,E 16 St & Irving Pl,0,0,0,0,0.21,0.0
2023-08-21 05:00:00,E 16 St & Irving Pl,0,0,0,0,0.21,0.0
2023-08-21 05:10:00,E 16 St & Irving Pl,0,0,0,0,0.21,0.0
2023-08-21 05:20:00,E 16 St & Irving Pl,0,0,0,0,0.22,0.0
2023-08-21 05:30:00,E 16 St & Irving Pl,0,0,0,0,0.22,0.0
2023-08-21 05:40:00,E 16 St & Irving Pl,1,1,0,0,0.22,0.0
2023-08-21 05:50:00,E 16 St & Irving Pl,0,0,0,0,0.22,0.0
2023-08-21 06:00:00,E 16 St & Irving Pl,0,0,0,0,0.23,0.01
2023-08-21 06:10:00,E 16 St & Irving Pl,2,2,0,0,0.24,0.03
2023-08-21 06:20:00,E 16 St & Irving Pl,0,0,0,0,0.25,0.05
2023-08-21 06:30:00,E 16 St & Irving Pl,0,0,1,1,0.25,0.08
2023-08-21 06:40:00,E 16 St & Irving Pl,0,0,2,2,0.26,0.11
2023-08-21 06:50:00,E 16 St & Irving Pl,2,2,1,1,0.27,0.15
2023-08-21 07:00:00,E 16 St & Irving Pl,0,0,0,0,0.29,0.21
2023-08-21 07:10:00,E 16 St & Irving Pl,1,1,1,5,0.32,0.29
2023-08-21 07:20:00,E 16 St & Irving Pl,1,1,2,2,0.35,0.4
2023-08-21 07:30:00,E 16 St & Irving Pl,2,2,1,1,0.39,0.55
2023-08-21 07:40:00,E 16 St & Irving Pl,3,3,0,0,0.41,0.72
2023-08-21 07:50:00,E 16 St & Irving Pl,1,1,3,3,0.44,0.92
2023-08-21 08:00:00,E 16 St & Irving Pl,0,0,0,0,0.51,1.2
2023-08-21 08:10:00,E 16 St & Irving Pl,4,4,1,1,0.61,1.53
2023-08-21 08:20:00,E 16 St & Irving Pl,0,0,3,3,0.71,1.85
2023-08-21 08:30:00,E 16 St & Irving Pl,1,1,1,1,0.82,2.15
2023-08-21 08:40:00,E 16 St & Irving Pl,3,3,3,3,0.92,2.4
2023-08-21 08:50:00,E 16 St & Irving Pl,0,0,1,1,1.03,2.62
2023-08-21 09:00:00,E 16 St & Irving Pl,0,0,3,3,1.19,2.82
2023-08-21 09:10:00,E 16 St & Irving Pl,1,1,1,1,1.37,2.98
2023-08-21 09:20:00,E 16 St & Irving Pl,1,1,2,2,1.52,3.09
2023-08-21 09:30:00,E 16 St & Irving Pl,0,0,2,2,1.62,3.13
2023-08-21 09:40:00,E 16 St & Irving Pl,0,0,1,1,1.65,3.1
2023-08-21 09:50:00,E 16 St & Irving Pl,3,3,5,5,1.64,2.99
2023-08-21 10:00:00,E 16 St & Irving Pl,2,2,0,0,1.63,2.77
2023-08-21 10:10:00,E 16 St & Irving Pl,2,2,1,1,1.62,2.45
2023-08-21 10:20:00,E 16 St & Irving Pl,1,1,2,2,1.62,2.13
2023-08-21 10:30:00,E 16 St & Irving Pl,2,2,3,3,1.63,1.93
2023-08-21 10:40:00,E 16 St & Irving Pl,2,2,3,3,1.65,1.85
2023-08-21 10:50:00,E 16 St & Irving Pl,0,0,0,0,1.67,1.83
2023-08-21 11:00:00,E 16 St & Irving Pl,0,0,1,1,1.69,1.82
2023-08-21 11:10:00,E 16 St & Irving Pl,1,1,3,3,1.7,1.83
2023-08-21 11:20:00,E 16 St & Irving Pl,1,1,3,3,1.7,1.85
2023-08-21 11:30:00,E 16 St & Irving Pl,2,2,1,1,1.7,1.89
2023-08-21 11:40:00,E 16 St & Irving Pl,5,5,2,2,1.68,1.94
2023-08-21 11:50:00,E 16 St & Irving Pl,2,6,2,2,1.67,2.0
2023-08-21 12:00:00,E 16 St & Irving Pl,0,0,1,1,1.65,2.06
2023-08-21 12:10:00,E 16 St & Irving Pl,3,3,2,2,1.64,2.11
2023-08-21 12:20:00,E 16 St & Irving Pl,1,8,1,1,1.63,2.14
2023-08-21 12:30:00,E 16 St & Irving Pl,0,0,2,11,1.61,2.14
2023-08-21 12:40:00,E 16 St & Irving Pl,1,1,2,9,1.6,2.11
2023-08-21 12:50:00,E 16 St & Irving Pl,2,2,4,4,1.59,2.06
2023-08-21 13:00:00,E 16 St & Irving Pl,1,1,2,2,1.58,1.99
2023-08-21 13:10:00,E 16 St & Irving Pl,2,2,2,0,1.57,1.92
2023-08-21 13:20:00,E 16 St & Irving Pl,0,0,1,1,1.57,1.85
2023-08-21 13:30:00,E 16 St & Irving Pl,0,0,1,0,1.56,1.77
2023-08-21 13:40:00,E 16 St & Irving Pl,3,3,2,2,1.56,1.7
2023-08-21 13:50:00,E 16 St & Irving Pl,2,2,1,0,1.55,1.64
2023-08-21 14:00:00,E 16 St & Irving Pl,4,4,1,1,1.55,1.56
2023-08-21 14:10:00,E 16 St & Irving Pl,1,1,0,0,1.56,1.5
2023-08-21 14:20:00,E 16 St & Irving Pl,0,0,1,1,1.57,1.44
2023-08-21 14:30:00,E 16 St & Irving Pl,2,2,3,3,1.58,1.4
2023-08-21 14:40:00,E 16 St & Irving Pl,1,1,0,0,1.59,1.36
2023-08-21 14:50:00,E 16 St & Irving Pl,0,0,1,1,1.59,1.34
2023-08-21 15:00:00,E 16 St & Irving Pl,0,0,0,0,1.62,1.31
2023-08-21 15:10:00,E 16 St & Irving Pl,1,1,0,0,1.65,1.28
2023-08-21 15:20:00,E 16 St & Irving Pl,2,2,2,4,1.69,1.25
2023-08-21 15:30:00,E 16 St & Irving Pl,0,0,1,1,1.73,1.24
2023-08-21 15:40:00,E 16 St & Irving Pl,2,2,0,0,1.77,1.23
2023-08-21 15:50:00,E 16 St & Irving Pl,0,0,2,2,1.8,1.26
2023-08-21 16:00:00,E 16 St & Irving Pl,1,1,2,2,1.86,1.29
2023-08-21 16:10:00,E 16 St & Irving Pl,4,4,1,3,1.95,1.36
2023-08-21 16:20:00,E 16 St & Irving Pl,0,0,1,3,2.05,1.47
2023-08-21 16:30:00,E 16 St & Irving Pl,2,2,2,3,2.15,1.62
2023-08-21 16:40:00,E 16 St & Irving Pl,3,3,2,5,2.25,1.79
2023-08-21 16:50:00,E 16 St & Irving Pl,4,4,2,2,2.33,1.96
2023-08-21 17:00:00,E 16 St & Irving Pl,3,1,2,2,2.45,2.07
2023-08-21 17:10:00,E 16 St & Irving Pl,3,1,2,2,2.59,2.14
2023-08-21 17:20:00,E 16 St & Irving Pl,3,2,2,2,2.72,2.17
2023-08-21 17:30:00,E 16 St & Irving Pl,3,2,2,2,2.82,2.15
2023-08-21 17:40:00,E 16 St & Irving Pl,2,0,2,2,2.9,2.1
2023-08-21 17:50:00,E 16 St & Irving Pl,3,1,2,2,2.93,2.02
2023-08-21 18:00:00,E 16 St & Irving Pl,3,3,2,2,2.91,1.92
2023-08-21 18:10:00,E 16 St & Irving Pl,5,5,2,2,2.82,1.81
2023-08-21 18:20:00,E 16 St & Irving Pl,6,6,5,5,2.67,1.73
2023-08-21 18:30:00,E 16 St & Irving Pl,5,5,3,3,2.45,1.68
2023-08-21 18:40:00,E 16 St & Irving Pl,2,2,2,2,2.18,1.65
2023-08-21 18:50:00,E 16 St & Irving Pl,2,0,2,2,1.92,1.66
2023-08-21 19:00:00,E 16 St & Irving Pl,2,2,0,0,1.75,1.66
2023-08-21 19:10:00,E 16 St & Irving Pl,2,2,1,1,1.73,1.66
2023-08-21 19:20:00,E 16 St & Irving Pl,3,3,2,2,1.8,1.68
2023-08-21 19:30:00,E 16 St & Irving Pl,2,2,2,2,1.87,1.72
2023-08-21 19:40:00,E 16 St & Irving Pl,1,1,1,1,1.87,1.78
2023-08-21 19:50:00,E 16 St & Irving Pl,0,0,3,3,1.77,1.86
2023-08-21 20:00:00,E 16 St & Irving Pl,2,2,1,6,1.61,1.91
2023-08-21 20:10:00,E 16 St & Irving Pl,0,0,2,1,1.45,1.93
2023-08-21 20:20:00,E 16 St & Irving Pl,0,0,2,1,1.32,1.89
2023-08-21 20:30:00,E 16 St & Irving Pl,3,3,1,2,1.22,1.8
2023-08-21 20:40:00,E 16 St & Irving Pl,0,0,1,2,1.15,1.65
2023-08-21 20:50:00,E 16 St & Irving Pl,1,5,1,4,1.14,1.48
2023-08-21 21:00:00,E 16 St & Irving Pl,0,0,1,1,1.15,1.26
2023-08-21 21:10:00,E 16 St & Irving Pl,0,0,2,2,1.17,1.05
2023-08-21 21:20:00,E 16 St & Irving Pl,2,2,1,4,1.21,0.88
2023-08-21 21:30:00,E 16 St & Irving Pl,4,4,1,1,1.25,0.74
2023-08-21 21:40:00,E 16 St & Irving Pl,3,3,1,1,1.28,0.64
2023-08-21 21:50:00,E 16 St & Irving Pl,0,0,0,0,1.29,0.56
2023-08-21 22:00:00,E 16 St & Irving Pl,2,2,1,0,1.24,0.48
2023-08-21 22:10:00,E 16 St & Irving Pl,1,1,1,0,1.15,0.41
2023-08-21 22:20:00,E 16 St & Irving Pl,0,0,1,1,1.06,0.35
2023-08-21 22:30:00,E 16 St & Irving Pl,0,0,1,0,0.99,0.31
2023-08-21 22:40:00,E 16 St & Irving Pl,0,0,1,0,0.93,0.28
2023-08-21 22:50:00,E 16 St & Irving Pl,3,3,1,0,0.9,0.25
2023-08-21 23:00:00,E 16 St & Irving Pl,1,1,0,0,0.82,0.23
2023-08-21 23:10:00,E 16 St & Irving Pl,0,0,0,0,0.75,0.21
2023-08-21 23:20:00,E 16 St & Irving Pl,0,0,0,0,0.7,0.19
2023-08-21 23:30:00,E 16 St & Irving Pl,0,0,0,0,0.67,0.17
2023-08-21 23:40:00,E 16 St & Irving Pl,0,0,0,0,0.65,0.15
2023-08-21 23:50:00,E 16 St & Irving Pl,0,0,0,0,0.63,0.13
2023-08-22 00:00:00,E 16 St & Irving Pl,0,0,0,0,0.55,0.12
2023-08-22 00:10:00,E 16 St & Irving Pl,1,1,0,0,0.5,0.1
2023-08-22 00:20:00,E 16 St & Irving Pl,2,2,1,1,0.47,0.09
2023-08-22 00:30:00,E 16 St & Irving Pl,0,0,0,0,0.45,0.07
2023-08-22 00:40:00,E 16 St & Irving Pl,0,0,0,0,0.43,0.06
2023-08-22 00:50:00,E 16 St & Irving Pl,0,0,1,1,0.42,0.04
2023-08-22 01:00:00,E 16 St & Irving Pl,2,2,0,2,0.39,0.03
2023-08-22 01:10:00,E 16 St & Irving Pl,0,0,0,0,0.36,0.02
2023-08-22 01:20:00,E 16 St & Irving Pl,0,0,0,0,0.34,0.01
2023-08-22 01:30:00,E 16 St & Irving Pl,0,0,0,0,0.32,0.0
2023-08-22 01:40:00,E 16 St & Irving Pl,0,0,0,0,0.3,0.0
2023-08-22 01:50:00,E 16 St & Irving Pl,0,0,0,0,0.29,0.0
2023-08-22 02:00:00,E 16 St & Irving Pl,1,1,0,0,0.27,0.0
2023-08-22 02:10:00,E 16 St & Irving Pl,0,0,0,0,0.25,0.0
2023-08-22 02:20:00,E 16 St & Irving Pl,1,1,0,0,0.24,0.0
2023-08-22 02:30:00,E 16 St & Irving Pl,0,0,0,0,0.23,0.0
2023-08-22 02:40:00,E 16 St & Irving Pl,0,0,0,0,0.23,0.0
2023-08-22 02:50:00,E 16 St & Irving Pl,0,0,0,0,0.22,0.0
2023-08-22 03:00:00,E 16 St & Irving Pl,0,0,1,1,0.21,0.0
2023-08-22 03:10:00,E 16 St & Irving Pl,0,0,0,0,0.21,0.0
2023-08-22 03:20:00,E 16 St & Irving Pl,0,0,0,0,0.21,0.0
2023-08-22 03:30:00,E 16 St & Irving Pl,0,0,0,0,0.2,0.0
2023-08-22 03:40:00,E 16 St & Irving Pl,0,0,0,0,0.2,0.0
2023-08-22 03:50:00,E 16 St & Irving Pl,0,0,0,0,0.2,0.0
2023-08-22 04:00:00,E 16 St & Irving Pl,0,0,0,0,0.2,0.0
2023-08-22 04:10:00,E 16 St & Irving Pl,0,0,0,0,0.19,0.0
2023-08-22 04:20:00,E 16 St & Irving Pl,0,0,0,0,0.19,0.0
2023-08-22 04:30:00,E 16 St & Irving Pl,0,0,0,0,0.19,0.0
2023-08-22 04:40:00,E 16 St & Irving Pl,0,0,0,0,0.19,-0.0
2023-08-22 04:50:00,E 16 St & Irving Pl,0,0,0,0,0.19,0.01
2023-08-22 05:00:00,E 16 St & Irving Pl,0,0,0,0,0.19,0.02
2023-08-22 05:10:00,E 16 St & Irving Pl,0,0,0,0,0.19,0.03
2023-08-22 05:20:00,E 16 St & Irving Pl,0,0,0,0,0.19,0.05
2023-08-22 05:30:00,E 16 St & Irving Pl,0,0,0,0,0.19,0.07
2023-08-22 05:40:00,E 16 St & Irving Pl,1,1,0,0,0.19,0.09
2023-08-22 05:50:00,E 16 St & Irving Pl,0,0,0,0,0.2,0.12
2023-08-22 06:00:00,E 16 St & Irving Pl,1,1,0,0,0.2,0.16
2023-08-22 06:10:00,E 16 St & Irving Pl,1,1,0,0,0.22,0.21
2023-08-22 06:20:00,E 16 St & Irving Pl,0,0,0,0,0.23,0.29
2023-08-22 06:30:00,E 16 St & Irving Pl,0,2,0,2,0.25,0.37
2023-08-22 06:40:00,E 16 St & Irving Pl,1,1,1,1,0.26,0.48
2023-08-22 06:50:00,E 16 St & Irving Pl,0,0,1,1,0.27,0.6
2023-08-22 07:00:00,E 16 St & Irving Pl,2,2,1,1,0.31,0.78
2023-08-22 07:10:00,E 16 St & Irving Pl,1,1,3,3,0.36,1.01
2023-08-22 07:20:00,E 16 St & Irving Pl,1,1,2,2,0.42,1.27
2023-08-22 07:30:00,E 16 St & Irving Pl,1,1,0,0,0.48,1.53
2023-08-22 07:40:00,E 16 St & Irving Pl,2,2,1,4,0.54,1.77
2023-08-22 07:50:00,E 16 St & Irving Pl,0,0,2,2,0.61,1.96
2023-08-22 08:00:00,E 16 St & Irving Pl,2,2,1,1,0.74,2.17
2023-08-22 08:10:00,E 16 St & Irving Pl,3,3,0,0,0.92,2.37
2023-08-22 08:20:00,E 16 St & Irving Pl,1,1,4,4,1.11,2.54
2023-08-22 08:30:00,E 16 St & Irving Pl,2,2,2,2,1.3,2.68
2023-08-22 08:40:00,E 16 St & Irving Pl,0,0,3,3,1.47,2.8
2023-08-22 08:50:00,E 16 St & Irving Pl,4,4,5,5,1.61,2.89
2023-08-22 09:00:00,E 16 St & Irving Pl,2,2,3,3,1.74,2.97
2023-08-22 09:10:00,E 16 St & Irving Pl,3,3,5,5,1.82,3.01
2023-08-22 09:20:00,E 16 St & Irving Pl,1,1,3,3,1.84,3.02
2023-08-22 09:30:00,E 16 St & Irving Pl,1,6,1,1,1.81,2.98
2023-08-22 09:40:00,E 16 St & Irving Pl,0,0,5,5,1.76,2.9
2023-08-22 09:50:00,E 16 St & Irving Pl,2,2,4,4,1.71,2.78
2023-08-22 10:00:00,E 16 St & Irving Pl,2,2,2,7,1.68,2.6
2023-08-22 10:10:00,E 16 St & Irving Pl,0,0,2,4,1.67,2.34
2023-08-22 10:20:00,E 16 St & Irving Pl,1,5,2,3,1.68,2.12
2023-08-22 10:30:00,E 16 St & Irving Pl,0,0,2,2,1.7,1.99
2023-08-22 10:40:00,E 16 St & Irving Pl,3,3,2,4,1.72,1.92
2023-08-22 10:50:00,E 16 St & Irving Pl,2,2,2,3,1.74,1.89
2023-08-22 11:00:00,E 16 St & Irving Pl,0,0,2,0,1.75,1.87
2023-08-22 11:10:00,E 16 St & Irving Pl,2,2,1,7,1.75,1.86
2023-08-22 11:20:00,E 16 St & Irving Pl,2,2,3,3,1.74,1.85
2023-08-22 11:30:00,E 16 St & Irving Pl,0,0,2,2,1.73,1.83
2023-08-22 11:40:00,E 16 St & Irving Pl,4,4,1,1,1.72,1.8
2023-08-22 11:50:00,E 16 St & Irving Pl,1,1,1,1,1.7,1.78
2023-08-22 12:00:00,E 16 St & Irving Pl,0,0,1,1,1.69,1.77
2023-08-22 12:10:00,E 16 St & Irving Pl,0,0,2,2,1.68,1.77
2023-08-22 12:20:00,E 16 St & Irving Pl,3,3,2,2,1.67,1.78
2023-08-22 12:30:00,E 16 St & Irving Pl,0,0,1,1,1.67,1.8
2023-08-22 12:40:00,E 16 St & Irving Pl,1,1,2,2,1.66,1.82
2023-08-22 12:50:00,E 16 St & Irving Pl,1,1,2,2,1.66,1.84
2023-08-22 13:00:00,E 16 St & Irving Pl,2,2,2,2,1.65,1.84
2023-08-22 13:10:00,E 16 St & Irving Pl,4,4,2,2,1.65,1.83
2023-08-22 13:20:00,E 16 St & Irving Pl,3,3,2,2,1.65,1.82
2023-08-22 13:30:00,E 16 St & Irving Pl,0,0,2,2,1.65,1.79
2023-08-22 13:40:00,E 16 St & Irving Pl,1,1,2,2,1.65,1.76
2023-08-22 13:50:00,E 16 St & Irving Pl,3,3,0,0,1.65,1.72
2023-08-22 14:00:00,E 16 St & Irving Pl,1,1,2,2,1.65,1.66
2023-08-22 14:10:00,E 16 St & Irving Pl,2,2,2,2,1.66,1.59
2023-08-22 14:20:00,E 16 St & Irving Pl,0,0,0,0,1.67,1.54
2023-08-22 14:30:00,E 16 St & Irving Pl,2,2,3,3,1.68,1.49
2023-08-22 14:40:00,E 16 St & Irving Pl,4,4,2,2,1.69,1.44
2023-08-22 14:50:00,E 16 St & Irving Pl,1,1,0,0,1.69,1.41
2023-08-22 15:00:00,E 16 St & Irving Pl,3,3,1,0,1.71,1.37
2023-08-22 15:10:00,E 16 St & Irving Pl,3,3,1,1,1.73,1.33
2023-08-22 15:20:00,E 16 St & Irving Pl,2,2,2,7,1.76,1.29
2023-08-22 15:30:00,E 16 St & Irving Pl,2,2,1,4,1.79,1.27
2023-08-22 15:40:00,E 16 St & Irving Pl,2,0,1,2,1.82,1.26
2023-08-22 15:50:00,E 16 St & Irving Pl,3,3,1,1,1.84,1.26
2023-08-22 16:00:00,E 16 St & Irving Pl,2,1,0,0,1.89,1.25
2023-08-22 16:10:00,E 16 St & Irving Pl,3,5,1,1,1.96,1.27
2023-08-22 16:20:00,E 16 St & Irving Pl,2,4,2,2,2.05,1.31
2023-08-22 16:30:00,E 16 St & Irving Pl,2,1,0,0,2.14,1.39
2023-08-22 16:40:00,E 16 St & Irving Pl,2,3,2,2,2.22,1.53
2023-08-22 16:50:00,E 16 St & Irving Pl,2,8,2,2,2.3,1.71
2023-08-22 17:00:00,E 16 St & Irving Pl,4,4,1,1,2.41,1.91
2023-08-22 17:10:00,E 16 St & Irving Pl,4,4,3,3,2.55,2.1
2023-08-22 17:20:00,E 16 St & Irving Pl,5,5,0,0,2.69,2.25
2023-08-22 17:30:00,E 16 St & Irving Pl,4,4,3,3,2.81,2.37
2023-08-22 17:40:00,E 16 St & Irving Pl,2,2,4,4,2.91,2.43
2023-08-22 17:50:00,E 16 St & Irving Pl,1,1,4,4,2.98,2.43
2023-08-22 18:00:00,E 16 St & Irving Pl,4,4,2,2,3.03,2.37
2023-08-22 18:10:00,E 16 St & Irving Pl,5,5,2,2,3.04,2.27
2023-08-22 18:20:00,E 16 St & Irving Pl,5,5,5,5,2.98,2.14
2023-08-22 18:30:00,E 16 St & Irving Pl,3,3,5,5,2.88,2.0
2023-08-22 18:40:00,E 16 St & Irving Pl,2,2,2,2,2.75,1.88
2023-08-22 18:50:00,E 16 St & Irving Pl,2,2,4,4,2.61,1.79
2023-08-22 19:00:00,E 16 St & Irving Pl,2,2,2,2,2.47,1.71
2023-08-22 19:10:00,E 16 St & Irving Pl,1,1,1,1,2.28,1.65
2023-08-22 19:20:00,E 16 St & Irving Pl,4,4,3,3,2.07,1.62
2023-08-22 19:30:00,E 16 St & Irving Pl,3,3,2,2,1.87,1.61
2023-08-22 19:40:00,E 16 St & Irving Pl,3,3,1,1,1.77,1.64
2023-08-22 19:50:00,E 16 St & Irving Pl,2,2,1,1,1.75,1.7
2023-08-22 20:00:00,E 16 St & Irving Pl,2,2,2,2,1.72,1.74
2023-08-22 20:10:00,E 16 St & Irving Pl,1,5,3,3,1.64,1.79
2023-08-22 20:20:00,E 16 St & Irving Pl,4,4,3,3,1.48,1.83
2023-08-22 20:30:00,E 16 St & Irving Pl,0,0,0,0,1.3,1.86
2023-08-22 20:40:00,E 16 St & Irving Pl,2,2,0,0,1.16,1.85
2023-08-22 20:50:00,E 16 St & Irving Pl,0,0,0,0,1.09,1.81
2023-08-22 21:00:00,E 16 St & Irving Pl,1,1,1,1,1.04,1.66
2023-08-22 21:10:00,E 16 St & Irving Pl,1,1,1,1,1.03,1.46
2023-08-22 21:20:00,E 16 St & Irving Pl,1,1,1,1,1.06,1.24
2023-08-22 21:30:00,E 16 St & Irving Pl,1,1,1,1,1.12,1.03
2023-08-22 21:40:00,E 16 St & Irving Pl,1,1,1,1,1.21,0.87
2023-08-22 21:50:00,E 16 St & Irving Pl,1,1,1,1,1.29,0.73
2023-08-22 22:00:00,E 16 St & Irving Pl,0,0,2,2,1.32,0.61
2023-08-22 22:10:00,E 16 St & Irving Pl,1,1,0,0,1.3,0.51
2023-08-22 22:20:00,E 16 St & Irving Pl,0,0,0,0,1.25,0.43
2023-08-22 22:30:00,E 16 St & Irving Pl,0,0,0,0,1.18,0.37
2023-08-22 22:40:00,E 16 St & Irving Pl,2,2,0,0,1.11,0.31
2023-08-22 22:50:00,E 16 St & Irving Pl,0,0,0,0,1.05,0.28
2023-08-22 23:00:00,E 16 St & Irving Pl,0,0,0,0,0.95,0.24
2023-08-22 23:10:00,E 16 St & Irving Pl,0,0,1,1,0.84,0.21
2023-08-22 23:20:00,E 16 St & Irving Pl,1,1,0,0,0.76,0.19
2023-08-22 23:30:00,E 16 St & Irving Pl,0,0,1,1,0.71,0.17
2023-08-22 23:40:00,E 16 St & Irving Pl,0,0,0,0,0.68,0.16
2023-08-22 23:50:00,E 16 St & Irving Pl,1,1,0,0,0.66,0.14
2023-08-23 00:00:00,E 16 St & Irving Pl,0,0,0,0,0.58,0.11
2023-08-23 00:10:00,E 16 St & Irving Pl,0,0,0,0,0.53,0.1
2023-08-23 00:20:00,E 16 St & Irving Pl,0,0,0,0,0.49,0.09
2023-08-23 00:30:00,E 16 St & Irving Pl,1,1,1,1,0.46,0.08
2023-08-23 00:40:00,E 16 St & Irving Pl,0,0,0,0,0.43,0.08
2023-08-23 00:50:00,E 16 St & Irving Pl,1,1,1,1,0.4,0.07
2023-08-23 01:00:00,E 16 St & Irving Pl,0,0,0,0,0.36,0.06
2023-08-23 01:10:00,E 16 St & Irving Pl,1,1,1,1,0.32,0.06
2023-08-23 01:20:00,E 16 St & Irving Pl,0,0,0,0,0.29,0.05
2023-08-23 01:30:00,E 16 St & Irving Pl,0,0,0,0,0.27,0.05
2023-08-23 01:40:00,E 16 St & Irving Pl,0,0,0,0,0.25,0.04
2023-08-23 01:50:00,E 16 St & Irving Pl,0,0,0,0,0.23,0.04
2023-08-23 02:00:00,E 16 St & Irving Pl,0,0,0,0,0.21,0.03
2023-08-23 02:10:00,E 16 St & Irving Pl,1,1,1,1,0.2,0.03
2023-08-23 02:20:00,E 16 St & Irving Pl,0,0,0,0,0.19,0.03
2023-08-23 02:30:00,E 16 St & Irving Pl,0,0,0,0,0.18,0.03
2023-08-23 02:40:00,E 16 St & Irving Pl,0,0,0,0,0.17,0.03
2023-08-23 02:50:00,E 16 St & Irving Pl,0,0,0,0,0.16,0.03
2023-08-23 03:00:00,E 16 St & Irving Pl,0,0,1,1,0.16,0.03
2023-08-23 03:10:00,E 16 St & Irving Pl,0,0,0,0,0.15,0.03
2023-08-23 03:20:00,E 16 St & Irving Pl,0,0,0,0,0.14,0.03
2023-08-23 03:30:00,E 16 St & Irving Pl,0,0,0,0,0.14,0.04
2023-08-23 03:40:00,E 16 St & Irving Pl,0,0,0,0,0.14,0.04
2023-08-23 03:50:00,E 16 St & Irving Pl,0,0,0,0,0.13,0.04
2023-08-23 04:00:00,E 16 St & Irving Pl,0,0,0,0,0.13,0.05
2023-08-23 04:10:00,E 16 St & Irving Pl,0,0,0,0,0.13,0.06
2023-08-23 04:20:00,E 16 St & Irving Pl,0,0,0,0,0.13,0.07
2023-08-23 04:30:00,E 16 St & Irving Pl,0,0,0,0,0.13,0.08
2023-08-23 04:40:00,E 16 St & Irving Pl,0,0,0,0,0.13,0.09
2023-08-23 04:50:00,E 16 St & Irving Pl,0,0,0,0,0.13,0.1
2023-08-23 05:00:00,E 16 St & Irving Pl,0,0,0,0,0.13,0.13
2023-08-23 05:10:00,E 16 St & Irving Pl,0,0,0,0,0.14,0.15
2023-08-23 05:20:00,E 16 St & Irving Pl,0,0,0,0,0.15,0.19
2023-08-23 05:30:00,E 16 St & Irving Pl,0,0,0,0,0.15,0.23
2023-08-23 05:40:00,E 16 St & Irving Pl,0,0,0,0,0.16,0.27
2023-08-23 05:50:00,E 16 St & Irving Pl,1,1,0,0,0.17,0.32
2023-08-23 06:00:00,E 16 St & Irving Pl,0,0,0,0,0.18,0.39
2023-08-23 06:10:00,E 16 St & Irving Pl,0,2,0,0,0.21,0.49
2023-08-23 06:20:00,E 16 St & Irving Pl,0,1,0,0,0.24,0.61
2023-08-23 06:30:00,E 16 St & Irving Pl,0,0,0,0,0.27,0.74
2023-08-23 06:40:00,E 16 St & Irving Pl,1,3,2,2,0.29,0.89
2023-08-23 06:50:00,E 16 St & Irving Pl,1,2,1,1,0.32,1.04
2023-08-23 07:00:00,E 16 St & Irving Pl,2,2,0,0,0.39,1.24
2023-08-23 07:10:00,E 16 St & Irving Pl,0,0,1,1,0.48,1.46
2023-08-23 07:20:00,E 16 St & Irving Pl,1,1,3,3,0.59,1.68
2023-08-23 07:30:00,E 16 St & Irving Pl,2,2,4,4,0.71,1.88
2023-08-23 07:40:00,E 16 St & Irving Pl,0,0,0,0,0.84,2.05
2023-08-23 07:50:00,E 16 St & Irving Pl,0,0,1,1,0.96,2.18
2023-08-23 08:00:00,E 16 St & Irving Pl,1,3,2,2,1.16,2.33
2023-08-23 08:10:00,E 16 St & Irving Pl,2,2,0,0,1.37,2.47
2023-08-23 08:20:00,E 16 St & Irving Pl,2,2,2,2,1.54,2.6
2023-08-23 08:30:00,E 16 St & Irving Pl,3,3,0,0,1.68,2.7
2023-08-23 08:40:00,E 16 St & Irving Pl,0,0,2,2,1.76,2.78
2023-08-23 08:50:00,E 16 St & Irving Pl,5,5,2,2,1.81,2.83
2023-08-23 09:00:00,E 16 St & Irving Pl,2,2,4,4,1.82,2.88
2023-08-23 09:10:00,E 16 St & Irving Pl,1,5,1,1,1.8,2.9
2023-08-23 09:20:00,E 16 St & Irving Pl,1,1,3,7,1.76,2.89
2023-08-23 09:30:00,E 16 St & Irving Pl,0,0,3,3,1.72,2.84
2023-08-23 09:40:00,E 16 St & Irving Pl,0,0,3,3,1.69,2.77
2023-08-23 09:50:00,E 16 St & Irving Pl,0,0,1,1,1.68,2.66
2023-08-23 10:00:00,E 16 St & Irving Pl,3,3,3,3,1.68,2.54
2023-08-23 10:10:00,E 16 St & Irving Pl,2,2,3,3,1.69,2.4
2023-08-23 10:20:00,E 16 St & Irving Pl,1,1,0,0,1.72,2.25
2023-08-23 10:30:00,E 16 St & Irving Pl,4,4,3,3,1.74,2.1
2023-08-23 10:40:00,E 16 St & Irving Pl,1,1,2,2,1.76,1.97
2023-08-23 10:50:00,E 16 St & Irving Pl,0,0,2,2,1.77,1.85
2023-08-23 11:00:00,E 16 St & Irving Pl,0,0,3,3,1.77,1.75
2023-08-23 11:10:00,E 16 St & Irving Pl,1,1,0,0,1.76,1.66
2023-08-23 11:20:00,E 16 St & Irving Pl,1,1,1,1,1.75,1.59
2023-08-23 11:30:00,E 16 St & Irving Pl,1,1,0,0,1.74,1.56
2023-08-23 11:40:00,E 16 St & Irving Pl,3,3,1,1,1.72,1.56
2023-08-23 11:50:00,E 16 St & Irving Pl,2,2,1,1,1.71,1.58
2023-08-23 12:00:00,E 16 St & Irving Pl,1,1,1,1,1.69,1.61
2023-08-23 12:10:00,E 16 St & Irving Pl,1,1,3,3,1.68,1.66
2023-08-23 12:20:00,E 16 St & Irving Pl,3,3,1,1,1.67,1.7
2023-08-23 12:30:00,E 16 St & Irving Pl,1,1,1,1,1.67,1.74
2023-08-23 12:40:00,E 16 St & Irving Pl,3,3,1,1,1.66,1.77
2023-08-23 12:50:00,E 16 St & Irving Pl,2,2,3,3,1.65,1.78
2023-08-23 13:00:00,E 16 St & Irving Pl,0,0,2,2,1.65,1.77
2023-08-23 13:10:00,E 16 St & Irving Pl,4,4,3,3,1.65,1.74
2023-08-23 13:20:00,E 16 St & Irving Pl,1,1,1,1,1.65,1.71
2023-08-23 13:30:00,E 16 St & Irving Pl,0,0,1,1,1.64,1.68
2023-08-23 13:40:00,E 16 St & Irving Pl,3,3,1,1,1.64,1.64
2023-08-23 13:50:00,E 16 St & Irving Pl,0,0,2,2,1.64,1.61
2023-08-23 14:00:00,E 16 St & Irving Pl,3,3,3,3,1.64,1.56
2023-08-23 14:10:00,E 16 St & Irving Pl,3,3,0,0,1.65,1.51
2023-08-23 14:20:00,E 16 St & Irving Pl,1,4,1,1,1.66,1.47
2023-08-23 14:30:00,E 16 St & Irving Pl,1,1,1,1,1.67,1.44
2023-08-23 14:40:00,E 16 St & Irving Pl,0,0,0,0,1.68,1.41
2023-08-23 14:50:00,E 16 St & Irving Pl,2,2,2,2,1.68,1.39
2023-08-23 15:00:00,E 16 St & Irving Pl,3,3,1,1,1.7,1.35
2023-08-23 15:10:00,E 16 St & Irving Pl,1,1,2,2,1.74,1.32
2023-08-23 15:20:00,E 16 St & Irving Pl,2,2,2,2,1.78,1.29
2023-08-23 15:30:00,E 16 St & Irving Pl,1,1,1,1,1.82,1.27
2023-08-23 15:40:00,E 16 St & Irving Pl,3,3,4,4,1.86,1.26
2023-08-23 15:50:00,E 16 St & Irving Pl,1,1,1,1,1.9,1.26
2023-08-23 16:00:00,E 16 St & Irving Pl,2,8,2,1,1.97,1.25
2023-08-23 16:10:00,E 16 St & Irving Pl,1,1,1,0,2.08,1.25
2023-08-23 16:20:00,E 16 St & Irving Pl,5,5,1,1,2.2,1.26
2023-08-23 16:30:00,E 16 St & Irving Pl,1,1,2,2,2.32,1.29
2023-08-23 16:40:00,E 16 St & Irving Pl,0,0,2,1,2.44,1.35
2023-08-23 16:50:00,E 16 St & Irving Pl,2,2,2,0,2.54,1.45
2023-08-23 17:00:00,E 16 St & Irving Pl,4,4,4,4,2.67,1.56
2023-08-23 17:10:00,E 16 St & Irving Pl,1,1,1,1,2.8,1.7
2023-08-23 17:20:00,E 16 St & Irving Pl,3,3,1,1,2.92,1.87
2023-08-23 17:30:00,E 16 St & Irving Pl,5,5,1,1,3.0,2.05
2023-08-23 17:40:00,E 16 St & Irving Pl,1,1,6,6,3.06,2.21
2023-08-23 17:50:00,E 16 St & Irving Pl,2,2,5,5,3.06,2.34
2023-08-23 18:00:00,E 16 St & Irving Pl,3,3,1,1,3.02,2.41
2023-08-23 18:10:00,E 16 St & Irving Pl,5,5,1,1,2.91,2.43
2023-08-23 18:20:00,E 16 St & Irving Pl,1,1,3,3,2.78,2.41
2023-08-23 18:30:00,E 16 St & Irving Pl,2,2,2,2,2.63,2.36
2023-08-23 18:40:00,E 16 St & Irving Pl,4,4,2,2,2.48,2.3
2023-08-23 18:50:00,E 16 St & Irving Pl,2,7,3,3,2.31,2.22
2023-08-23 19:00:00,E 16 St & Irving Pl,3,3,3,3,2.12,2.12
2023-08-23 19:10:00,E 16 St & Irving Pl,5,5,3,3,1.95,2.02
2023-08-23 19:20:00,E 16 St & Irving Pl,4,4,3,3,1.85,1.93
2023-08-23 19:30:00,E 16 St & Irving Pl,0,0,3,3,1.82,1.87
2023-08-23 19:40:00,E 16 St & Irving Pl,0,0,3,3,1.81,1.83
2023-08-23 19:50:00,E 16 St & Irving Pl,1,1,1,1,1.75,1.81
2023-08-23 20:00:00,E 16 St & Irving Pl,2,2,4,4,1.59,1.77
2023-08-23 20:10:00,E 16 St & Irving Pl,0,0,0,0,1.39,1.72
2023-08-23 20:20:00,E 16 St & Irving Pl,1,1,2,2,1.2,1.68
2023-08-23 20:30:00,E 16 St & Irving Pl,1,1,3,3,1.07,1.64
2023-08-23 20:40:00,E 16 St & Irving Pl,0,0,1,1,0.99,1.6
2023-08-23 20:50:00,E 16 St & Irving Pl,1,1,3,3,0.99,1.57
2023-08-23 21:00:00,E 16 St & Irving Pl,1,1,2,2,1.03,1.48
2023-08-23 21:10:00,E 16 St & Irving Pl,1,1,3,3,1.11,1.36
2023-08-23 21:20:00,E 16 St & Irving Pl,3,3,1,1,1.21,1.22
2023-08-23 21:30:00,E 16 St & Irving Pl,2,2,2,2,1.31,1.09
2023-08-23 21:40:00,E 16 St & Irving Pl,2,2,1,1,1.4,0.96
2023-08-23 21:50:00,E 16 St & Irving Pl,0,0,0,0,1.46,0.85
2023-08-23 22:00:00,E 16 St & Irving Pl,2,2,2,2,1.45,0.74
2023-08-23 22:10:00,E 16 St & Irving Pl,3,3,0,0,1.4,0.63
2023-08-23 22:20:00,E 16 St & Irving Pl,1,6,1,1,1.32,0.54
2023-08-23 22:30:00,E 16 St & Irving Pl,2,2,2,2,1.25,0.46
2023-08-23 22:40:00,E 16 St & Irving Pl,3,3,1,1,1.18,0.4
2023-08-23 22:50:00,E 16 St & Irving Pl,1,1,0,0,1.13,0.35
2023-08-23 23:00:00,E 16 St & Irving Pl,1,1,0,0,1.04,0.31
2023-08-23 23:10:00,E 16 St & Irving Pl,1,1,1,1,0.95,0.27
2023-08-23 23:20:00,E 16 St & Irving Pl,0,0,0,0,0.86,0.24
2023-08-23 23:30:00,E 16 St & Irving Pl,0,0,0,0,0.79,0.22
2023-08-23 23:40:00,E 16 St & Irving Pl,0,0,0,0,0.74,0.2
2023-08-23 23:50:00,E 16 St & Irving Pl,0,0,0,0,0.69,0.19
2023-08-24 00:00:00,E 16 St & Irving Pl,1,1,0,0,0.7,0.2
2023-08-24 00:10:00,E 16 St & Irving Pl,0,0,0,0,0.6,0.19
2023-08-24 00:20:00,E 16 St & Irving Pl,2,2,0,0,0.52,0.18
2023-08-24 00:30:00,E 16 St & Irving Pl,0,0,0,0,0.47,0.16
2023-08-24 00:40:00,E 16 St & Irving Pl,1,1,0,0,0.43,0.15
2023-08-24 00:50:00,E 16 St & Irving Pl,0,0,0,0,0.39,0.15
2023-08-24 01:00:00,E 16 St & Irving Pl,0,0,0,0,0.34,0.13
2023-08-24 01:10:00,E 16 St & Irving Pl,0,0,0,0,0.29,0.12
2023-08-24 01:20:00,E 16 St & Irving Pl,0,0,0,0,0.25,0.12
2023-08-24 01:30:00,E 16 St & Irving Pl,0,0,0,0,0.22,0.11
2023-08-24 01:40:00,E 16 St & Irving Pl,0,0,0,0,0.21,0.1
2023-08-24 01:50:00,E 16 St & Irving Pl,0,0,0,0,0.19,0.1
2023-08-24 02:00:00,E 16 St & Irving Pl,0,0,0,0,0.17,0.09
2023-08-24 02:10:00,E 16 St & Irving Pl,0,0,1,1,0.16,0.09
2023-08-24 02:20:00,E 16 St & Irving Pl,0,0,0,0,0.15,0.08
2023-08-24 02:30:00,E 16 St & Irving Pl,0,0,0,0,0.14,0.08
2023-08-24 02:40:00,E 16 St & Irving Pl,0,0,0,0,0.13,0.08
2023-08-24 02:50:00,E 16 St & Irving Pl,0,0,0,0,0.13,0.07
2023-08-24 03:00:00,E 16 St & Irving Pl,0,0,0,0,0.12,0.07
2023-08-24 03:10:00,E 16 St & Irving Pl,0,0,0,0,0.12,0.07
2023-08-24 03:20:00,E 16 St & Irving Pl,0,0,0,0,0.12,0.07
2023-08-24 03:30:00,E 16 St & Irving Pl,0,0,0,0,0.12,0.07
2023-08-24 03:40:00,E 16 St & Irving Pl,0,0,0,0,0.11,0.07
2023-08-24 03:50:00,E 16 St & Irving Pl,0,0,0,0,0.11,0.07
2023-08-24 04:00:00,E 16 St & Irving Pl,0,0,0,0,0.11,0.08
2023-08-24 04:10:00,E 16 St & Irving Pl,0,0,0,0,0.11,0.08
2023-08-24 04:20:00,E 16 St & Irving Pl,0,0,0,0,0.12,0.09
2023-08-24 04:30:00,E 16 St & Irving Pl,0,0,0,0,0.12,0.09
2023-08-24 04:40:00,E 16 St & Irving Pl,0,0,0,0,0.12,0.1
2023-08-24 04:50:00,E 16 St & Irving Pl,0,0,0,0,0.12,0.11
2023-08-24 05:00:00,E 16 St & Irving Pl,0,0,0,0,0.13,0.12
2023-08-24 05:10:00,E 16 St & Irving Pl,0,0,0,0,0.14,0.14
2023-08-24 05:20:00,E 16 St & Irving Pl,0,0,0,0,0.15,0.16
2023-08-24 05:30:00,E 16 St & Irving Pl,0,0,0,0,0.16,0.18
2023-08-24 05:40:00,E 16 St & Irving Pl,0,0,0,0,0.16,0.21
2023-08-24 05:50:00,E 16 St & Irving Pl,1,1,0,0,0.17,0.23
2023-08-24 06:00:00,E 16 St & Irving Pl,0,0,0,0,0.19,0.27
2023-08-24 06:10:00,E 16 St & Irving Pl,1,1,0,0,0.22,0.33
2023-08-24 06:20:00,E 16 St & Irving Pl,0,0,0,0,0.25,0.39
2023-08-24 06:30:00,E 16 St & Irving Pl,0,0,0,0,0.29,0.47
2023-08-24 06:40:00,E 16 St & Irving Pl,0,0,2,2,0.32,0.55
2023-08-24 06:50:00,E 16 St & Irving Pl,4,4,2,2,0.34,0.63
2023-08-24 07:00:00,E 16 St & Irving Pl,2,2,1,1,0.42,0.76
2023-08-24 07:10:00,E 16 St & Irving Pl,0,0,2,2,0.52,0.92
2023-08-24 07:20:00,E 16 St & Irving Pl,1,3,2,2,0.63,1.11
2023-08-24 07:30:00,E 16 St & Irving Pl,0,0,2,2,0.75,1.3
2023-08-24 07:40:00,E 16 St & Irving Pl,1,1,1,1,0.88,1.48
2023-08-24 07:50:00,E 16 St & Irving Pl,1,1,1,1,1.0,1.64
2023-08-24 08:00:00,E 16 St & Irving Pl,1,1,0,0,1.18,1.84
2023-08-24 08:10:00,E 16 St & Irving Pl,4,4,3,3,1.37,2.05
2023-08-24 08:20:00,E 16 St & Irving Pl,0,0,0,0,1.52,2.23
2023-08-24 08:30:00,E 16 St & Irving Pl,3,3,2,2,1.63,2.39
2023-08-24 08:40:00,E 16 St & Irving Pl,1,1,3,3,1.68,2.52
2023-08-24 08:50:00,E 16 St & Irving Pl,3,3,3,7,1.7,2.61
2023-08-24 09:00:00,E 16 St & Irving Pl,0,0,3,3,1.68,2.71
2023-08-24 09:10:00,E 16 St & Irving Pl,1,1,3,3,1.64,2.79
2023-08-24 09:20:00,E 16 St & Irving Pl,3,3,3,3,1.6,2.83
2023-08-24 09:30:00,E 16 St & Irving Pl,1,1,3,3,1.58,2.83
2023-08-24 09:40:00,E 16 St & Irving Pl,0,0,2,2,1.58,2.8
2023-08-24 09:50:00,E 16 St & Irving Pl,0,0,4,4,1.6,2.73
2023-08-24 10:00:00,E 16 St & Irving Pl,0,0,3,3,1.62,2.63
2023-08-24 10:10:00,E 16 St & Irving Pl,3,3,3,3,1.66,2.49
2023-08-24 10:20:00,E 16 St & Irving Pl,3,3,3,3,1.69,2.27
2023-08-24 10:30:00,E 16 St & Irving Pl,1,1,1,1,1.71,2.04
2023-08-24 10:40:00,E 16 St & Irving Pl,0,0,2,0,1.73,1.88
2023-08-24 10:50:00,E 16 St & Irving Pl,1,1,0,0,1.74,1.79
2023-08-24 11:00:00,E 16 St & Irving Pl,0,0,1,1,1.74,1.73
2023-08-24 11:10:00,E 16 St & Irving Pl,1,1,0,0,1.74,1.68
2023-08-24 11:20:00,E 16 St & Irving Pl,3,3,2,2,1.73,1.64
2023-08-24 11:30:00,E 16 St & Irving Pl,2,2,2,2,1.72,1.6
2023-08-24 11:40:00,E 16 St & Irving Pl,1,1,1,1,1.7,1.57
2023-08-24 11:50:00,E 16 St & Irving Pl,4,4,2,2,1.68,1.55
2023-08-24 12:00:00,E 16 St & Irving Pl,0,0,2,2,1.66,1.56
2023-08-24 12:10:00,E 16 St & Irving Pl,1,1,1,1,1.65,1.58
2023-08-24 12:20:00,E 16 St & Irving Pl,2,2,2,2,1.63,1.62
2023-08-24 12:30:00,E 16 St & Irving Pl,1,1,2,2,1.61,1.67
2023-08-24 12:40:00,E 16 St & Irving Pl,1,1,1,1,1.59,1.71
2023-08-24 12:50:00,E 16 St & Irving Pl,1,1,2,2,1.57,1.74
2023-08-24 13:00:00,E 16 St & Irving Pl,1,1,2,1,1.55,1.75
2023-08-24 13:10:00,E 16 St & Irving Pl,2,2,2,1,1.53,1.73
2023-08-24 13:20:00,E 16 St & Irving Pl,1,1,1,0,1.52,1.7
2023-08-24 13:30:00,E 16 St & Irving Pl,1,1,1,0,1.5,1.65
2023-08-24 13:40:00,E 16 St & Irving Pl,1,1,2,1,1.49,1.6
2023-08-24 13:50:00,E 16 St & Irving Pl,2,2,1,2,1.48,1.54
2023-08-24 14:00:00,E 16 St & Irving Pl,0,0,1,1,1.48,1.46
2023-08-24 14:10:00,E 16 St & Irving Pl,1,1,2,2,1.49,1.4
2023-08-24 14:20:00,E 16 St & Irving Pl,0,0,3,3,1.5,1.34
2023-08-24 14:30:00,E 16 St & Irving Pl,1,1,1,1,1.52,1.3
2023-08-24 14:40:00,E 16 St & Irving Pl,2,5,1,1,1.54,1.27
2023-08-24 14:50:00,E 16 St & Irving Pl,0,0,2,2,1.56,1.25
2023-08-24 15:00:00,E 16 St & Irving Pl,1,1,1,1,1.61,1.23
2023-08-24 15:10:00,E 16 St & Irving Pl,1,1,1,1,1.67,1.21
2023-08-24 15:20:00,E 16 St & Irving Pl,2,2,2,2,1.75,1.2
2023-08-24 15:30:00,E 16 St & Irving Pl,1,1,4,4,1.81,1.2
2023-08-24 15:40:00,E 16 St & Irving Pl,2,2,1,1,1.87,1.21
2023-08-24 15:50:00,E 16 St & Irving Pl,3,3,1,1,1.93,1.23
2023-08-24 16:00:00,E 16 St & Irving Pl,1,1,1,1,2.01,1.23
2023-08-24 16:10:00,E 16 St & Irving Pl,2,2,1,1,2.12,1.24
2023-08-24 16:20:00,E 16 St & Irving Pl,2,2,1,1,2.24,1.27
2023-08-24 16:30:00,E 16 St & Irving Pl,2,2,1,1,2.34,1.31
2023-08-24 16:40:00,E 16 St & Irving Pl,2,2,1,1,2.44,1.37
2023-08-24 16:50:00,E 16 St & Irving Pl,2,2,2,2,2.53,1.47
2023-08-24 17:00:00,E 16 St & Irving Pl,4,4,2,2,2.63,1.57
2023-08-24 17:10:00,E 16 St & Irving Pl,2,2,2,2,2.72,1.69
2023-08-24 17:20:00,E 16 St & Irving Pl,3,0,2,2,2.8,1.86
2023-08-24 17:30:00,E 16 St & Irving Pl,3,0,1,1,2.85,2.05
2023-08-24 17:40:00,E 16 St & Irving Pl,1,1,3,3,2.85,2.24
2023-08-24 17:50:00,E 16 St & Irving Pl,3,3,3,3,2.8,2.4
2023-08-24 18:00:00,E 16 St & Irving Pl,1,1,3,3,2.69,2.49
2023-08-24 18:10:00,E 16 St & Irving Pl,1,1,3,7,2.5,2.51
2023-08-24 18:20:00,E 16 St & Irving Pl,3,3,3,7,2.26,2.47
2023-08-24 18:30:00,E 16 St & Irving Pl,2,2,3,0,2.01,2.39
2023-08-24 18:40:00,E 16 St & Irving Pl,4,4,2,0,1.8,2.28
2023-08-24 18:50:00,E 16 St & Irving Pl,2,2,1,1,1.72,2.16
2023-08-24 19:00:00,E 16 St & Irving Pl,1,1,0,0,1.72,2.01
2023-08-24 19:10:00,E 16 St & Irving Pl,2,2,0,0,1.75,1.88
2023-08-24 19:20:00,E 16 St & Irving Pl,5,5,3,3,1.73,1.78
2023-08-24 19:30:00,E 16 St & Irving Pl,3,3,2,2,1.65,1.72
2023-08-24 19:40:00,E 16 St & Irving Pl,2,2,4,4,1.53,1.69
2023-08-24 19:50:00,E 16 St & Irving Pl,0,0,2,2,1.45,1.67
2023-08-24 20:00:00,E 16 St & Irving Pl,1,1,2,2,1.39,1.65
2023-08-24 20:10:00,E 16 St & Irving Pl,4,4,2,2,1.34,1.61
2023-08-24 20:20:00,E 16 St & Irving Pl,2,2,0,0,1.31,1.58
2023-08-24 20:30:00,E 16 St & Irving Pl,4,4,0,0,1.29,1.54
2023-08-24 20:40:00,E 16 St & Irving Pl,2,2,0,0,1.29,1.49
2023-08-24 20:50:00,E 16 St & Irving Pl,0,0,3,3,1.31,1.44
2023-08-24 21:00:00,E 16 St & Irving Pl,1,1,2,4,1.31,1.33
2023-08-24 21:10:00,E 16 St & Irving Pl,1,1,0,0,1.29,1.2
2023-08-24 21:20:00,E 16 St & Irving Pl,0,0,2,2,1.27,1.06
2023-08-24 21:30:00,E 16 St & Irving Pl,0,0,1,1,1.26,0.93
2023-08-24 21:40:00,E 16 St & Irving Pl,2,2,2,2,1.26,0.82
2023-08-24 21:50:00,E 16 St & Irving Pl,2,2,2,2,1.25,0.72
2023-08-24 22:00:00,E 16 St & Irving Pl,1,1,0,0,1.23,0.62
2023-08-24 22:10:00,E 16 St & Irving Pl,3,3,1,1,1.19,0.53
2023-08-24 22:20:00,E 16 St & Irving Pl,2,2,0,0,1.16,0.45
2023-08-24 22:30:00,E 16 St & Irving Pl,1,1,0,0,1.13,0.39
2023-08-24 22:40:00,E 16 St & Irving Pl,0,0,1,1,1.11,0.34
2023-08-24 22:50:00,E 16 St & Irving Pl,1,1,1,1,1.09,0.31
2023-08-24 23:00:00,E 16 St & Irving Pl,1,1,2,2,1.05,0.28
2023-08-24 23:10:00,E 16 St & Irving Pl,0,0,0,0,0.99,0.25
2023-08-24 23:20:00,E 16 St & Irving Pl,1,3,1,1,0.94,0.22
2023-08-24 23:30:00,E 16 St & Irving Pl,2,2,0,0,0.89,0.2
2023-08-24 23:40:00,E 16 St & Irving Pl,2,2,0,0,0.84,0.19
2023-08-24 23:50:00,E 16 St & Irving Pl,0,0,0,0,0.8,0.18
2023-08-25 00:00:00,E 16 St & Irving Pl,0,0,0,0,0.77,0.15
2023-08-25 00:10:00,E 16 St & Irving Pl,0,0,0,0,0.67,0.14
2023-08-25 00:20:00,E 16 St & Irving Pl,0,0,0,0,0.58,0.14
2023-08-25 00:30:00,E 16 St & Irving Pl,1,1,0,0,0.51,0.13
2023-08-25 00:40:00,E 16 St & Irving Pl,1,1,0,0,0.47,0.12
2023-08-25 00:50:00,E 16 St & Irving Pl,0,0,0,0,0.43,0.12
2023-08-25 01:00:00,E 16 St & Irving Pl,2,2,0,0,0.36,0.11
2023-08-25 01:10:00,E 16 St & Irving Pl,0,0,0,0,0.29,0.1
2023-08-25 01:20:00,E 16 St & Irving Pl,0,0,0,0,0.25,0.1
2023-08-25 01:30:00,E 16 St & Irving Pl,0,0,0,0,0.22,0.09
2023-08-25 01:40:00,E 16 St & Irving Pl,1,1,0,0,0.21,0.08
2023-08-25 01:50:00,E 16 St & Irving Pl,0,0,1,1,0.21,0.08
2023-08-25 02:00:00,E 16 St & Irving Pl,0,0,0,0,0.19,0.07
2023-08-25 02:10:00,E 16 St & Irving Pl,0,0,0,0,0.17,0.06
2023-08-25 02:20:00,E 16 St & Irving Pl,0,0,0,0,0.16,0.06
2023-08-25 02:30:00,E 16 St & Irving Pl,0,0,0,0,0.15,0.05
2023-08-25 02:40:00,E 16 St & Irving Pl,0,0,0,0,0.15,0.05
2023-08-25 02:50:00,E 16 St & Irving Pl,0,0,0,0,0.15,0.04
2023-08-25 03:00:00,E 16 St & Irving Pl,0,0,0,0,0.15,0.04
2023-08-25 03:10:00,E 16 St & Irving Pl,0,0,0,0,0.14,0.03
2023-08-25 03:20:00,E 16 St & Irving Pl,0,0,0,0,0.14,0.03
2023-08-25 03:30:00,E 16 St & Irving Pl,0,0,0,0,0.14,0.02
2023-08-25 03:40:00,E 16 St & Irving Pl,0,0,0,0,0.14,0.02
2023-08-25 03:50:00,E 16 St & Irving Pl,0,0,0,1,0.14,0.02
2023-08-25 04:00:00,E 16 St & Irving Pl,0,0,0,0,0.14,0.01
2023-08-25 04:10:00,E 16 St & Irving Pl,0,0,0,0,0.14,0.01
2023-08-25 04:20:00,E 16 St & Irving Pl,0,0,0,0,0.14,0.01
2023-08-25 04:30:00,E 16 St & Irving Pl,0,0,0,0,0.14,0.02
2023-08-25 04:40:00,E 16 St & Irving Pl,0,0,0,0,0.14,0.02
2023-08-25 04:50:00,E 16 St & Irving Pl,0,0,0,0,0.15,0.02
2023-08-25 05:00:00,E 16 St & Irving Pl,0,0,0,0,0.15,0.02
2023-08-25 05:10:00,E 16 St & Irving Pl,0,0,0,0,0.16,0.03
2023-08-25 05:20:00,E 16 St & Irving Pl,0,0,0,0,0.16,0.04
2023-08-25 05:30:00,E 16 St & Irving Pl,0,0,0,0,0.17,0.05
2023-08-25 05:40:00,E 16 St & Irving Pl,0,0,0,0,0.18,0.06
2023-08-25 05:50:00,E 16 St & Irving Pl,1,1,0,0,0.18,0.07
2023-08-25 06:00:00,E 16 St & Irving Pl,0,0,0,0,0.2,0.08
2023-08-25 06:10:00,E 16 St & Irving Pl,1,1,0,0,0.22,0.1
2023-08-25 06:20:00,E 16 St & Irving Pl,0,0,0,0,0.24,0.13
2023-08-25 06:30:00,E 16 St & Irving Pl,0,0,0,0,0.27,0.15
2023-08-25 06:40:00,E 16 St & Irving Pl,1,1,0,0,0.29,0.18
2023-08-25 06:50:00,E 16 St & Irving Pl,0,0,0,0,0.3,0.21
2023-08-25 07:00:00,E 16 St & Irving Pl,0,0,1,1,0.35,0.25
2023-08-25 07:10:00,E 16 St & Irving Pl,0,0,0,0,0.42,0.31
2023-08-25 07:20:00,E 16 St & Irving Pl,0,0,0,0,0.5,0.38
2023-08-25 07:30:00,E 16 St & Irving Pl,1,1,0,0,0.57,0.46
2023-08-25 07:40:00,E 16 St & Irving Pl,0,0,0,0,0.64,0.55
2023-08-25 07:50:00,E 16 St & Irving Pl,0,0,0,0,0.72,0.65
2023-08-25 08:00:00,E 16 St & Irving Pl,1,1,1,0,0.86,0.8
2023-08-25 08:10:00,E 16 St & Irving Pl,1,1,1,0,1.03,0.98
2023-08-25 08:20:00,E 16 St & Irving Pl,1,1,2,0,1.19,1.2
2023-08-25 08:30:00,E 16 St & Irving Pl,2,2,2,1,1.32,1.43
2023-08-25 08:40:00,E 16 St & Irving Pl,1,1,2,1,1.42,1.65
2023-08-25 08:50:00,E 16 St & Irving Pl,2,2,3,0,1.48,1.86
2023-08-25 09:00:00,E 16 St & Irving Pl,0,0,1,1,1.52,2.1
2023-08-25 09:10:00,E 16 St & Irving Pl,0,0,1,1,1.52,2.33
2023-08-25 09:20:00,E 16 St & Irving Pl,0,0,5,5,1.5,2.54
2023-08-25 09:30:00,E 16 St & Irving Pl,2,2,0,0,1.47,2.7
2023-08-25 09:40:00,E 16 St & Irving Pl,3,3,2,2,1.45,2.81
2023-08-25 09:50:00,E 16 St & Irving Pl,4,4,1,1,1.46,2.86
2023-08-25 10:00:00,E 16 St & Irving Pl,2,2,0,0,1.49,2.87
2023-08-25 10:10:00,E 16 St & Irving Pl,0,0,1,1,1.54,2.81
2023-08-25 10:20:00,E 16 St & Irving Pl,2,2,2,2,1.59,2.65
2023-08-25 10:30:00,E 16 St & Irving Pl,0,0,2,2,1.63,2.36
2023-08-25 10:40:00,E 16 St & Irving Pl,2,2,2,2,1.67,2.02
2023-08-25 10:50:00,E 16 St & Irving Pl,2,2,2,2,1.69,1.78
2023-08-25 11:00:00,E 16 St & Irving Pl,2,2,2,2,1.71,1.66
2023-08-25 11:10:00,E 16 St & Irving Pl,2,2,2,2,1.71,1.62
2023-08-25 11:20:00,E 16 St & Irving Pl,1,1,0,0,1.71,1.61
2023-08-25 11:30:00,E 16 St & Irving Pl,1,1,2,2,1.69,1.61
2023-08-25 11:40:00,E 16 St & Irving Pl,0,0,2,2,1.68,1.63
2023-08-25 11:50:00,E 16 St & Irving Pl,0,0,2,2,1.65,1.65
2023-08-25 12:00:00,E 16 St & Irving Pl,1,1,2,2,1.62,1.71
2023-08-25 12:10:00,E 16 St & Irving Pl,1,1,2,2,1.58,1.78
2023-08-25 12:20:00,E 16 St & Irving Pl,1,1,2,2,1.53,1.86
2023-08-25 12:30:00,E 16 St & Irving Pl,1,1,2,2,1.48,1.93
2023-08-25 12:40:00,E 16 St & Irving Pl,1,1,2,2,1.43,2.0
2023-08-25 12:50:00,E 16 St & Irving Pl,1,1,3,3,1.38,2.05
2023-08-25 13:00:00,E 16 St & Irving Pl,0,0,2,2,1.34,2.07
2023-08-25 13:10:00,E 16 St & Irving Pl,3,3,2,2,1.32,2.06
2023-08-25 13:20:00,E 16 St & Irving Pl,0,0,2,2,1.32,2.02
2023-08-25 13:30:00,E 16 St & Irving Pl,3,3,2,2,1.32,1.94
2023-08-25 13:40:00,E 16 St & Irving Pl,0,0,2,2,1.34,1.84
2023-08-25 13:50:00,E 16 St & Irving Pl,2,2,2,2,1.37,1.72
2023-08-25 14:00:00,E 16 St & Irving Pl,1,1,1,1,1.42,1.59
2023-08-25 14:10:00,E 16 St & Irving Pl,1,1,1,1,1.48,1.47
2023-08-25 14:20:00,E 16 St & Irving Pl,3,3,1,1,1.54,1.37
2023-08-25 14:30:00,E 16 St & Irving Pl,3,3,1,1,1.59,1.3
2023-08-25 14:40:00,E 16 St & Irving Pl,3,3,1,1,1.64,1.26
2023-08-25 14:50:00,E 16 St & Irving Pl,1,1,1,1,1.68,1.23
2023-08-25 15:00:00,E 16 St & Irving Pl,1,1,1,1,1.74,1.21
2023-08-25 15:10:00,E 16 St & Irving Pl,1,1,1,1,1.8,1.19
2023-08-25 15:20:00,E 16 St & Irving Pl,2,2,1,1,1.85,1.19
2023-08-25 15:30:00,E 16 St & Irving Pl,3,3,1,1,1.9,1.2
2023-08-25 15:40:00,E 16 St & Irving Pl,3,3,1,1,1.93,1.22
2023-08-25 15:50:00,E 16 St & Irving Pl,4,4,1,1,1.96,1.25
2023-08-25 16:00:00,E 16 St & Irving Pl,0,0,2,2,2.01,1.27
2023-08-25 16:10:00,E 16 St & Irving Pl,2,2,2,2,2.08,1.3
2023-08-25 16:20:00,E 16 St & Irving Pl,5,5,2,2,2.16,1.34
2023-08-25 16:30:00,E 16 St & Irving Pl,2,2,2,2,2.23,1.41
2023-08-25 16:40:00,E 16 St & Irving Pl,3,3,2,2,2.31,1.51
2023-08-25 16:50:00,E 16 St & Irving Pl,2,2,2,2,2.38,1.65
2023-08-25 17:00:00,E 16 St & Irving Pl,4,4,2,2,2.46,1.79
2023-08-25 17:10:00,E 16 St & Irving Pl,2,2,2,2,2.55,1.93
2023-08-25 17:20:00,E 16 St & Irving Pl,1,1,2,2,2.62,2.07
2023-08-25 17:30:00,E 16 St & Irving Pl,5,5,2,2,2.67,2.18
2023-08-25 17:40:00,E 16 St & Irving Pl,2,2,2,2,2.69,2.25
2023-08-25 17:50:00,E 16 St & Irving Pl,5,5,7,7,2.66,2.27
2023-08-25 18:00:00,E 16 St & Irving Pl,1,1,2,2,2.56,2.22
2023-08-25 18:10:00,E 16 St & Irving Pl,5,5,2,2,2.37,2.12
2023-08-25 18:20:00,E 16 St & Irving Pl,3,3,2,2,2.1,2.0
2023-08-25 18:30:00,E 16 St & Irving Pl,4,4,2,2,1.77,1.89
2023-08-25 18:40:00,E 16 St & Irving Pl,2,2,2,2,1.48,1.8
2023-08-25 18:50:00,E 16 St & Irving Pl,3,3,2,2,1.35,1.75
2023-08-25 19:00:00,E 16 St & Irving Pl,4,4,2,2,1.35,1.69
2023-08-25 19:10:00,E 16 St & Irving Pl,2,2,1,1,1.41,1.66
2023-08-25 19:20:00,E 16 St & Irving Pl,1,1,1,1,1.47,1.64
2023-08-25 19:30:00,E 16 St & Irving Pl,1,1,2,2,1.47,1.63
2023-08-25 19:40:00,E 16 St & Irving Pl,1,1,2,2,1.45,1.64
2023-08-25 19:50:00,E 16 St & Irving Pl,1,1,2,2,1.44,1.66
2023-08-25 20:00:00,E 16 St & Irving Pl,0,0,1,1,1.4,1.64
2023-08-25 20:10:00,E 16 St & Irving Pl,2,2,1,1,1.32,1.58
2023-08-25 20:20:00,E 16 St & Irving Pl,0,0,2,5,1.23,1.5
2023-08-25 20:30:00,E 16 St & Irving Pl,4,4,2,2,1.15,1.4
2023-08-25 20:40:00,E 16 St & Irving Pl,1,1,0,0,1.1,1.28
2023-08-25 20:50:00,E 16 St & Irving Pl,2,2,1,1,1.07,1.16
2023-08-25 21:00:00,E 16 St & Irving Pl,2,2,2,2,1.05,1.01
2023-08-25 21:10:00,E 16 St & Irving Pl,3,3,3,3,1.04,0.87
2023-08-25 21:20:00,E 16 St & Irving Pl,1,1,0,0,1.04,0.74
2023-08-25 21:30:00,E 16 St & Irving Pl,1,1,1,1,1.05,0.64
2023-08-25 21:40:00,E 16 St & Irving Pl,2,2,0,0,1.07,0.56
2023-08-25 21:50:00,E 16 St & Irving Pl,1,1,0,0,1.09,0.5
2023-08-25 22:00:00,E 16 St & Irving Pl,0,0,0,0,1.09,0.43
2023-08-25 22:10:00,E 16 St & Irving Pl,1,1,2,2,1.07,0.38
2023-08-25 22:20:00,E 16 St & Irving Pl,2,2,0,0,1.05,0.33
2023-08-25 22:30:00,E 16 St & Irving Pl,0,0,2,2,1.03,0.29
2023-08-25 22:40:00,E 16 St & Irving Pl,0,0,1,1,1.01,0.25
2023-08-25 22:50:00,E 16 St & Irving Pl,3,3,0,0,0.99,0.23
2023-08-25 23:00:00,E 16 St & Irving Pl,1,1,0,0,0.95,0.2
2023-08-25 23:10:00,E 16 St & Irving Pl,0,0,0,0,0.9,0.18
2023-08-25 23:20:00,E 16 St & Irving Pl,0,0,1,1,0.85,0.16
2023-08-25 23:30:00,E 16 St & Irving Pl,1,1,0,0,0.81,0.14
2023-08-25 23:40:00,E 16 St & Irving Pl,0,0,0,0,0.77,0.13
2023-08-25 23:50:00,E 16 St & Irving Pl,1,1,0,0,0.75,0.12
